"Tag","Method","Path","OperationId","Summary"
"application","GET","/api/core/application/v1/apps","getApps","获取所有自定义安装的APP"
"application","POST","/api/core/application/v1/apps","installApp","安装APP"
"application","DELETE","/api/core/application/v1/apps/{app_name}","deleteApp","卸载一个APP"
"artifact","DELETE","/api/core/artifact/v1/laser-landmarks","deleteLaserLandmarks","清空激光地标"
"artifact","GET","/api/core/artifact/v1/laser-landmarks","getLaserLandmarks","获取激光地标"
"artifact","PUT","/api/core/artifact/v1/laser-landmarks","putLaserLandmarks","设置激光地标"
"artifact","POST","/api/core/artifact/v1/laser-landmarks/:remove","removeLaserLandmarks","删除激光地标"
"artifact","GET","/api/core/artifact/v1/laser-landmarks/:update","getLaserLandmarkUpdate","获取激光地标更新状态"
"artifact","PUT","/api/core/artifact/v1/laser-landmarks/:update","setLaserLandmarkUpdate","设置取激光地标更新状态"
"artifact","DELETE","/api/core/artifact/v1/lines/{usage}","clearLines","清空某一类虚拟线段"
"artifact","GET","/api/core/artifact/v1/lines/{usage}","getLines","获取虚拟线段"
"artifact","POST","/api/core/artifact/v1/lines/{usage}","addLines","添加虚拟线段"
"artifact","PUT","/api/core/artifact/v1/lines/{usage}","modifyLines","修改虚拟线段"
"artifact","DELETE","/api/core/artifact/v1/lines/{usage}/{id}","removeLineById","删除虚拟线段"
"artifact","DELETE","/api/core/artifact/v1/pois","clearPois","清空POI"
"artifact","GET","/api/core/artifact/v1/pois","getCurrentPois","获取当前地图中的所有POI"
"artifact","POST","/api/core/artifact/v1/pois","addPois","添加POI"
"artifact","POST","/api/core/artifact/v1/pois/:adjust","adjustPois","优化POI位姿"
"artifact","DELETE","/api/core/artifact/v1/pois/{poi_id}","deletePoi","删除POI"
"artifact","GET","/api/core/artifact/v1/pois/{poi_id}","getPoiById","根据ID查找POI"
"artifact","PUT","/api/core/artifact/v1/pois/{poi_id}","modifyPoi","修改POI"
"artifact","DELETE","/api/core/artifact/v1/rectangle-areas/{usage}","clearRectangleAreas","清空某一类矩形区域"
"artifact","GET","/api/core/artifact/v1/rectangle-areas/{usage}","getRectangleAreas","获取矩形区域"
"artifact","POST","/api/core/artifact/v1/rectangle-areas/{usage}","addRectangleArea","添加矩形区域"
"artifact","DELETE","/api/core/artifact/v1/rectangle-areas/{usage}/{id}","removeRectangleAreaById","删除矩形区域"
"artifact","PUT","/api/core/artifact/v1/rectangle-areas/{usage}/{id}","editRectangleArea","编辑矩形区域"
"delivery","GET","/api/delivery/v1/admin/language","getLanguage","获取机器人语言"
"delivery","PUT","/api/delivery/v1/admin/language","setLanguage","设置机器人语言"
"delivery","GET","/api/delivery/v1/admin/line_speed","getLineSpeed","获取配送速度和返航速度"
"delivery","PUT","/api/delivery/v1/admin/line_speed","setLineSpeed","设置配送速度和返航速度"
"delivery","GET","/api/delivery/v1/admin/mode","getWorkMode","获取机器人工作模式"
"delivery","PUT","/api/delivery/v1/admin/mode","setWorkMode","设置机器人工作模式"
"delivery","GET","/api/delivery/v1/admin/move_options","getMoveOptions","获取运动选项"
"delivery","PUT","/api/delivery/v1/admin/move_options","setMoveOptions","设置运动选项"
"delivery","GET","/api/delivery/v1/admin/password","getPassword","获取操作密码"
"delivery","PUT","/api/delivery/v1/admin/password","setPassword","设置操作密码"
"delivery","GET","/api/delivery/v1/admin/working_time","getWorkingTime","获取机器人工作时间"
"delivery","PUT","/api/delivery/v1/admin/working_time","setWorkingTime","设置机器人工作时间"
"delivery","GET","/api/delivery/v1/cargos","getCargos","获取所有Cargo信息"
"delivery","GET","/api/delivery/v1/cargos/{cargo_id}/boxes","getCargoBoxes","获取某个Cargo所有Box信息"
"delivery","GET","/api/delivery/v1/cargos/{cargo_id}/boxes/{box_id}","getCargoBox","获取Box信息"
"delivery","PUT","/api/delivery/v1/cargos/{cargo_id}/boxes/{box_id}/{op}","operateBox","操作Box"
"delivery","GET","/api/delivery/v1/cargos/{cargo_id}/boxes/{box_id}/operation_result","getOperationResult","查询Box操作结果"
"delivery","GET","/api/delivery/v1/cargos/assigned","getAssignedCargos","获取被占用的外卖舱"
"delivery","GET","/api/delivery/v1/configurations","getConfigurations","获取机器配置信息"
"delivery","GET","/api/delivery/v1/settings","getDeliverySettings","获取配送相关的设置信息"
"delivery","PUT","/api/delivery/v1/settings/timeout","setTimeoutSettings","设置任务的超时时间"
"delivery","GET","/api/delivery/v1/stage","getStage","获取当前任务状态"
"delivery","DELETE","/api/delivery/v1/tasks","cancelAllTasks","取消所有任务"
"delivery","GET","/api/delivery/v1/tasks","getTasks","查询任务信息"
"delivery","POST","/api/delivery/v1/tasks","createTask","创建任务"
"delivery","POST","/api/delivery/v1/tasks/:batch","createTasks","批量创建任务"
"delivery","PUT","/api/delivery/v1/tasks/:end_operation","endOperation","完成操作"
"delivery","PUT","/api/delivery/v1/tasks/:end_pickup","endPickup","结束取物"
"delivery","PUT","/api/delivery/v1/tasks/:start_pickup","startPickup","开始取物"
"delivery","PUT","/api/delivery/v1/tasks/:task_execution","setTaskExecution","暂停/继续执行任务"
"delivery","PUT","/api/delivery/v1/tasks/:task_finish","endTask","结束所有任务"
"delivery","DELETE","/api/delivery/v1/tasks/{task_id}","cancelTaskByTaskId","根据Task ID取消任务"
"delivery","DELETE","/api/delivery/v1/tasks/orders/{order_id}","cancelTaskByOrderId","根据订单ID取消任务"
"delivery","GET","/api/delivery/v1/voice_resources","getVoiceResources","获取语音包信息"
"firmware","GET","/api/core/firmware/v1/autoupdate/:enable","getEnableAutoUpdate","是否支持自动升级"
"firmware","PUT","/api/core/firmware/v1/autoupdate/:enable","setEnableAutoUpdate","开启/关闭自动升级"
"firmware","POST","/api/core/firmware/v1/autoupdate/:start","startUpdate","开始自动固件升级"
"firmware","GET","/api/core/firmware/v1/newversion","getNewVersion","查询新版本固件"
"firmware","GET","/api/core/firmware/v1/progress","getFirmwareProgress","获取固件升级进度"
"firmware","POST","/api/core/firmware/v1/update/:start","uploadAndStartUpdate","上传固件升级"
"industry","GET","/api/industry/v1/tasks","getIndustryTasks","查询任务信息"
"industry","POST","/api/industry/v1/tasks/events","postTaskEvent","推送任务事件"
"industry","GET","/api/industry/v1/tasks/templates","getTaskTemplates","获取任务模板"
"industry","POST","/api/industry/v1/tasks/templates","createTaskTemplate","创建任务模板"
"industry","DELETE","/api/industry/v1/tasks/templates/{key_id}","deleteTaskTemplate","删除任务模板"
"motion","POST","/api/core/motion/v1/:search_path","searchPath","搜索路径"
"motion","GET","/api/core/motion/v1/action-factories","getActionFactories","获取所有支持的Action"
"motion","POST","/api/core/motion/v1/actions","createAction","创建新的运动行为"
"motion","DELETE","/api/core/motion/v1/actions/:current","abortCurrentAction","终止当前行为"
"motion","GET","/api/core/motion/v1/actions/:current","getCurrentAction","获取当前行为"
"motion","GET","/api/core/motion/v1/actions/{action_id}","getActionResult","查询Action状态"
"motion","GET","/api/core/motion/v1/milestones","getRemainingMilestones","获取剩余目标点"
"motion","GET","/api/core/motion/v1/path","getRemainingPath","获取剩余路径点"
"motion","GET","/api/core/motion/v1/speed","getCurrentSpeed","获取运动速度"
"motion","GET","/api/core/motion/v1/strategies","getMotionStrategies","获取支持的所有运动策略"
"motion","GET","/api/core/motion/v1/strategies/:current","getCurrentStrategy","获取当前运动策略"
"motion","PUT","/api/core/motion/v1/strategies/:current","setCurrentStrategy","设置运动策略"
"motion","GET","/api/core/motion/v1/time","getRemainingTime","获取剩余时间"
"multi-floor","PUT","/api/multi-floor/localization/v1/homedock","setPoseByHomedock","根据充电桩重置机器人定位"
"multi-floor","PUT","/api/multi-floor/localization/v1/pose","setPoseByPOI","设置机器人位姿"
"multi-floor","GET","/api/multi-floor/map/v1/elevators","getElevators","获取电梯区域"
"multi-floor","GET","/api/multi-floor/map/v1/elevators/{elevator_id}","getElevatorsByID","获取某个电梯的信息"
"multi-floor","GET","/api/multi-floor/map/v1/elevators/{elevator_id}/pose_relation","getPoseRelationToElevator","获取机器人与电梯的位置关系"
"multi-floor","GET","/api/multi-floor/map/v1/floors","getFloors","获取所有楼层信息"
"multi-floor","GET","/api/multi-floor/map/v1/floors/:current","getCurrentFloor","获取机器人所在楼层信息"
"multi-floor","PUT","/api/multi-floor/map/v1/floors/:current","setCurrentFloor","设置机器人所在楼层信息"
"multi-floor","GET","/api/multi-floor/map/v1/homedocks","getMutilFloorHomeDocks","获取充电桩信息"
"multi-floor","GET","/api/multi-floor/map/v1/homedocks/:current","getCurrentHomeDock","获取绑定的充电桩"
"multi-floor","PUT","/api/multi-floor/map/v1/homedocks/:current","setCurrentHomeDock","绑定充电桩"
"multi-floor","POST","/api/multi-floor/map/v1/homedocks/:search_nearby","searchNearbyHomeDock","查找离机器人最近的充电桩"
"multi-floor","GET","/api/multi-floor/map/v1/pois","getAllPois","获取POI信息"
"multi-floor","POST","/api/multi-floor/map/v1/pois/:dispatch","dispatchByPois","查询POI的最优遍历顺序"
"multi-floor","POST","/api/multi-floor/map/v1/pois/:search_nearby","searchNearbyPoi","查找最近的POI"
"multi-floor","POST","/api/multi-floor/map/v1/scene/unbind","unbindScene","解绑云端场景"
"multi-floor","POST","/api/multi-floor/map/v1/search_path_points","searchPathPointsInGraph","通过轨道搜索路径点"
"multi-floor","DELETE","/api/multi-floor/map/v1/stcm","deleteMap","删除保存的地图"
"multi-floor","POST","/api/multi-floor/map/v1/stcm","uploadMap","上传地图到机器人"
"multi-floor","POST","/api/multi-floor/map/v1/stcm/:reload","reloadStcm","重新加载地图"
"multi-floor","POST","/api/multi-floor/map/v1/stcm/:save","saveStcm","持久化保存当前地图"
"multi-floor","POST","/api/multi-floor/map/v1/stcm/:sync","syncStcm","同步地图"
"multi-floor","GET","/api/multi-floor/status","getStatus","获取地图状态信息"
"platform","GET","/api/platform/v1/events","getEvents","获取事件信息"
"platform","GET","/api/platform/v1/timestamp","getTimestamp","获取系统时间戳"
"sensors","PUT","/api/core/sensors/v1/depth/:enable","setDepthSensorState","使能/禁用深度摄像头数据"
"sensors","GET","/api/core/sensors/v1/masks","getDisabledSensorsMaskData","获取传感器禁用状态"
"sensors","PUT","/api/core/sensors/v1/masks","setSensorMask","使能/禁用传感器"
"slam","DELETE","/api/core/slam/v1/homedocks","clearHomeDocks","清空充电桩信息"
"slam","GET","/api/core/slam/v1/homedocks","getHomeDocks","获取所有充电桩信息"
"slam","POST","/api/core/slam/v1/homedocks","addHomeDock","添加充电桩"
"slam","PUT","/api/core/slam/v1/homedocks","setHomeDocks","设置所有充电桩"
"slam","POST","/api/core/slam/v1/homedocks/:register","registerHomeDock","注册充电桩"
"slam","DELETE","/api/core/slam/v1/homedocks/{dock_id}","eraseHomeDock","移除一个充电桩"
"slam","PUT","/api/core/slam/v1/homedocks/{dock_id}","editHomeDock","编辑充电桩信息"
"slam","GET","/api/core/slam/v1/homepose","getHomePose","获取充电桩位置"
"slam","PUT","/api/core/slam/v1/homepose","setHomePose","设置充电桩位置"
"slam","GET","/api/core/slam/v1/imu","getImu","获取IMU数据"
"slam","GET","/api/core/slam/v1/knownarea","getKnownArea","获取已知区域"
"slam","GET","/api/core/slam/v1/localization/:enable","getMapLocalization","是否支持定位"
"slam","PUT","/api/core/slam/v1/localization/:enable","setMapLocalization","开启/暂停定位"
"slam","GET","/api/core/slam/v1/localization/odopose","getOdoPose","获取机器人里程计位姿"
"slam","GET","/api/core/slam/v1/localization/pose","getPose","获取机器人位姿"
"slam","PUT","/api/core/slam/v1/localization/pose","setPose","设置机器人位姿"
"slam","GET","/api/core/slam/v1/localization/quality","getLocalizationQuality","获取定位质量"
"slam","POST","/api/core/slam/v1/localization/status/:reset","resetLocalizationStatus","重置定位状态"
"slam","GET","/api/core/slam/v1/loopclosure/:enable","getLoopClosure","是否开启闭环检测"
"slam","PUT","/api/core/slam/v1/loopclosure/:enable","setLoopClosure","开启/暂停闭环检测"
"slam","GET","/api/core/slam/v1/mapping/:enable","getMapUpdate","是否开启建图"
"slam","PUT","/api/core/slam/v1/mapping/:enable","setMapUpdate","开启/暂停建图"
"slam","DELETE","/api/core/slam/v1/maps","clearMap","清空地图"
"slam","GET","/api/core/slam/v1/maps/explore","getExploreMap","获取栅格地图"
"slam","PUT","/api/core/slam/v1/maps/origin","moveOriginPoint","移动地图原点"
"slam","GET","/api/core/slam/v1/maps/stcm","getCompositeMap","获取复合地图"
"slam","PUT","/api/core/slam/v1/maps/stcm","setCompositeMap","设置复合地图"
"statistics","GET","/api/core/statistics/v1/odometry","getOdometry","获取运行里程"
"statistics","GET","/api/core/statistics/v1/runtime","getRuntime","获取运行时间"
"system","POST","/api/core/system/v1/aeb/control","setAEBControl","设置AEB控制"
"system","GET","/api/core/system/v1/battery/pack","getBatteryPack","获取电池包的电流和温度"
"system","GET","/api/core/system/v1/capabilities","getCapabilities","获取机器人能力"
"system","PUT","/api/core/system/v1/cube/config","setCubeConfig","设置Cube配置"
"system","GET","/api/core/system/v1/jack/status","getJackStatus","获取千斤顶状态"
"system","POST","/api/core/system/v1/jack/status","setJackReq","设置千斤顶状态"
"system","GET","/api/core/system/v1/laserscan","getLaserScan","获取当前激光观测帧"
"system","POST","/api/core/system/v1/light/control","setLightControl","设置灯光控制效果"
"system","GET","/api/core/system/v1/network/apn","getCmlinkApn","获取cmlink apn"
"system","PUT","/api/core/system/v1/network/apn","setCmlinkApn","设置cmlink apn"
"system","GET","/api/core/system/v1/network/route","getNetworkRoute","获取路由信息"
"system","PUT","/api/core/system/v1/network/route","setNetworkRoute","设置路由信息"
"system","GET","/api/core/system/v1/network/status","getNetworkStatus","获取网络状态"
"system","PUT","/api/core/system/v1/network/status","setNetworkStatus","设置网络状态"
"system","GET","/api/core/system/v1/parameter","getSystemParameter","获取系统参数"
"system","PUT","/api/core/system/v1/parameter","setSystemParameter","设置系统参数"
"system","POST","/api/core/system/v1/power/:hibernate","hibernate","休眠机器人"
"system","POST","/api/core/system/v1/power/:restartmodule","restartModule","重启模块"
"system","POST","/api/core/system/v1/power/:shutdown","shutdown","关闭或重启机器人"
"system","POST","/api/core/system/v1/power/:wakeup","wakeup","唤醒机器人"
"system","GET","/api/core/system/v1/power/status","getPowerStatus","获取机器人电源状态"
"system","GET","/api/core/system/v1/rawadcimu","getImuRawADCData","获取IMU的ADC原始值"
"system","GET","/api/core/system/v1/rawimu","getImuRawData","获取IMU原始值"
"system","GET","/api/core/system/v1/robot/health","getRobotHealth","获取设备健康状态信息"
"system","DELETE","/api/core/system/v1/robot/health/{error_code}","clearRobotHealth","清除出错的状态信息"
"system","GET","/api/core/system/v1/robot/info","getRobotInfo","获取设备信息"
