0,-16.59348538
1,-16.50787973
2,-16.42550115
3,-16.34636715
4,-16.27049453
5,-16.19789943
6,-16.12859726
7,-16.06260276
8,-15.99992994
9,-15.94059212
10,-15.88460192
11,-15.83197124
12,-15.78271125
13,-15.73683242
14,-15.69434451
15,-15.65525655
16,-15.61957685
17,-15.58731299
18,-15.55847182
19,-15.53305949
20,-15.51108139
21,-15.4925422
22,-15.47744586
23,-15.46579558
24,-15.45759383
25,-15.45284236
26,-15.45154218
27,-15.45369357
28,-15.45929607
29,-15.46834849
30,-15.48084889
31,-15.49679464
32,-15.51618232
33,-15.53900784
34,-15.56526631
35,-15.59495218
36,-15.62805912
37,-15.6645801
38,-15.70450736
39,-15.7478324
40,-15.79454602
41,-15.8446383
42,-15.89809857
43,-15.95491549
44,-16.01507698
45,-16.07857026
46,-16.14538183
47,-16.21549749
48,-16.28890236
49,-16.36558082
50,-16.44551659
51,-16.52869268
52,-16.61509142
53,-16.70469444
54,-16.7974827
55,-16.89343647
56,-16.99253535
57,-17.09475827
58,-17.2000835
59,-17.30848861
60,-17.41995055
61,-17.53444559
62,-17.65194934
63,-17.77243677
64,-17.8958822
65,-18.02225931
66,-18.15154113
67,-18.28370005
68,-18.41870785
69,-18.55653566
70,-18.69715397
71,-18.84053267
72,-18.98664103
73,-19.13544768
74,-19.28692064
75,-19.44102733
76,-19.59773456
77,-19.75700852
78,-19.91881479
79,-20.08311837
80,-20.24988363
81,-20.41907437
82,-20.59065376
83,-20.7645844
84,-20.94082829
85,-21.11934683
86,-21.30010082
87,-21.48305048
88,-21.66815543
89,-21.85537471
90,-22.04466675
91,-22.23598941
92,-22.42929995
93,-22.62455502
94,-22.8217107
95,-23.02072246
96,-23.22154519
97,-23.42413317
98,-23.62844009
99,-23.83441903
100,-24.04202247
101,-24.25120228
102,-24.46190975
103,-24.67409551
104,-24.88770963
105,-25.10270152
106,-25.31902
107,-25.53661323
108,-25.75542879
109,-25.97541359
110,-26.19651391
111,-26.41867542
112,-26.6418431
113,-26.86596131
114,-27.09097376
115,-27.31682347
116,-27.54345283
117,-27.77080356
118,-27.99881667
119,-28.22743255
120,-28.45659085
121,-28.68623058
122,-28.91629002
123,-29.14670678
124,-29.37741776
125,-29.60835916
126,-29.83946647
127,-30.07067445
128,-30.30191717
129,-30.53312797
130,-30.76423948
131,-30.99518359
132,-31.22589148
133,-31.45629359
134,-31.68631966
135,-31.91589868
136,-32.14495893
137,-32.37342798
138,-32.60123266
139,-32.8282991
140,-33.05455273
141,-33.27991826
142,-33.50431973
143,-33.72768048
144,-33.94992318
145,-34.17096986
146,-34.39074186
147,-34.60915994
148,-34.82614421
149,-35.04161421
150,-35.2554889
151,-35.46768668
152,-35.67812544
153,-35.8867226
154,-36.09339507
155,-36.29805936
156,-36.5006316
157,-36.70102753
158,-36.89916261
159,-37.09495202
160,-37.28831071
161,-37.47915349
162,-37.66739502
163,-37.85294992
164,-38.03573282
165,-38.21565841
166,-38.39264149
167,-38.5665971
168,-38.73744053
169,-38.90508744
170,-39.0694539
171,-39.23045651
172,-39.38801247
173,-39.54203967
174,-39.69245679
175,-39.83918336
176,-39.98213991
177,-40.12124804
178,-40.25643051
179,-40.38761137
180,-40.51471605
181,-40.63767146
182,-40.75640612
183,-40.87085025
184,-40.98093589
185,-41.08659698
186,-41.18776953
187,-41.28439164
188,-41.37640369
189,-41.46374841
190,-41.54637095
191,-41.62421906
192,-41.6972431
193,-41.7653962
194,-41.82863431
195,-41.88691632
196,-41.94020411
197,-41.98846265
198,-42.03166005
199,-42.06976767
200,-42.10276011
201,-42.13061532
202,-42.15331463
203,-42.1708428
204,-42.18318802
205,-42.19034197
206,-42.19229982
207,-42.18906025
208,-42.18062545
209,-42.1670011
210,-42.1481964
211,-42.12422398
212,-42.09509996
213,-42.06084384
214,-42.0214785
215,-41.97703013
216,-41.9275282
217,-41.87300536
218,-41.81349741
219,-41.74904323
220,-41.67968466
221,-41.60546645
222,-41.52643616
223,-41.44264407
224,-41.35414311
225,-41.26098871
226,-41.16323875
227,-41.06095341
228,-40.9541951
229,-40.84302836
230,-40.72751972
231,-40.60773758
232,-40.48375218
233,-40.35563538
234,-40.22346066
235,-40.08730294
236,-39.94723849
237,-39.80334485
238,-39.65570069
239,-39.50438575
240,-39.3494807
241,-39.19106707
242,-39.02922715
243,-38.8640439
244,-38.69560085
245,-38.52398205
246,-38.34927192
247,-38.17155525
248,-37.99091708
249,-37.80744261
250,-37.6212172
251,-37.43232622
252,-37.24085505
253,-37.04688898
254,-36.8505132
255,-36.65181267
256,-36.45087218
257,-36.24777619
258,-36.04260886
259,-35.83545398
260,-35.62639495
261,-35.41551472
262,-35.20289577
263,-34.98862009
264,-34.77276914
265,-34.55542381
266,-34.33666443
267,-34.11657072
268,-33.8952218
269,-33.67269615
270,-33.44907158
271,-33.22442526
272,-32.99883367
273,-32.77237262
274,-32.54511721
275,-32.31714185
276,-32.08852023
277,-31.85932534
278,-31.62962943
279,-31.39950406
280,-31.16902004
281,-30.93824746
282,-30.7072557
283,-30.47611341
284,-30.2448885
285,-30.01364818
286,-29.78245893
287,-29.55138651
288,-29.32049597
289,-29.08985165
290,-28.85951717
291,-28.62955547
292,-28.40002877
293,-28.1709986
294,-27.9425258
295,-27.71467053
296,-27.48749225
297,-27.26104978
298,-27.03540122
299,-26.81060405
300,-26.58671505
301,-26.36379037
302,-26.14188549
303,-25.92105525
304,-25.70135384
305,-25.48283483
306,-25.26555112
307,-25.04955502
308,-24.83489819
309,-24.62163165
310,-24.40980585
311,-24.19947057
312,-23.99067502
313,-23.78346777
314,-23.57789679
315,-23.37400946
316,-23.17185255
317,-22.97147221
318,-22.77291403
319,-22.57622296
320,-22.3814434
321,-22.18861911
322,-21.99779329
323,-21.80900854
324,-21.62230686
325,-21.43772966
326,-21.25531777
327,-21.07511141
328,-20.89715023
329,-20.72147327
330,-20.54811899
331,-20.37712523
332,-20.20852927
333,-20.04236777
334,-19.87867679
335,-19.71749181
336,-19.55884768
337,-19.40277868
338,-19.24931846
339,-19.09850005
340,-18.95035591
341,-18.80491786
342,-18.66221709
343,-18.52228419
344,-18.38514914
345,-18.25084128
346,-18.1193893
347,-17.9908213
348,-17.86516472
349,-17.74244637
350,-17.62269242
351,-17.50592838
352,-17.39217912
353,-17.28146888
354,-17.17382121
355,-17.06925902
356,-16.96780455
357,-16.86947938
358,-16.77430442
359,-16.6822999
360,-16.59348538
